Fund Name,P1,P2,P3,P4,P5,Topsis Score,Rank
M1,0.78,0.61,6.9,51.4,14.92,0.5168310904873954,7.0
M2,0.66,0.44,5.9,31.9,9.73,0.5183061246116896,6.0
M3,0.88,0.77,5.9,68.2,18.94,0.5250139373503704,4.0
M4,0.94,0.88,5.6,64.1,17.88,0.44764719683532467,8.0
M5,0.91,0.83,4.0,68.7,18.61,0.520916913295754,5.0
M6,0.7,0.49,4.1,62.2,16.87,0.7356526895678472,1.0
M7,0.77,0.59,5.2,58.2,16.19,0.6316070378389418,2.0
M8,0.76,0.58,5.3,56.8,15.86,0.627353621025749,3.0
